<?xml version="1.0" encoding="UTF-8"?>
<project xmlns="http://maven.apache.org/POM/4.0.0" xmlns:xsi="http://www.w3.org/2001/XMLSchema-instance" xsi:schemaLocation="http://maven.apache.org/POM/4.0.0 http://maven.apache.org/maven-v4_0_0.xsd">
  <modelVersion>4.0.0</modelVersion>
  <groupId>kaoni</groupId>
  <artifactId>query-selector</artifactId>
  <name>query-excel-down</name>
  <version>0.0.1-SNAPSHOT</version>
  <description>쿼리 내용 엑셀로 다운로드</description>
  <build>
    <resources>
      <resource>
        <directory>src/main/resources</directory>
        <excludes>
          <exclude>**/*.properties</exclude>
          <exclude>**/*.xml</exclude>
        </excludes>
      </resource>
    </resources>
    <plugins>
      <plugin>
        <artifactId>maven-compiler-plugin</artifactId>
        <version>3.10.1</version>
        <configuration>
          <source>1.8</source>
          <target>1.8</target>
          <encoding>UTF-8</encoding>
        </configuration>
      </plugin>
      <plugin>
        <artifactId>maven-shade-plugin</artifactId>
        <executions>
          <execution>
            <phase>package</phase>
            <goals>
              <goal>shade</goal>
            </goals>
            <configuration>
              <excludes>
                <exclude>**/*.properties</exclude>
                <exclude>**/*.xml</exclude>
              </excludes>
              <transformers>
                <transformer>
                  <mainClass>controller.QueryDownController</mainClass>
                </transformer>
              </transformers>
              <filters>
                <filter>
                  <artifact>*:*</artifact>
                  <excludes>
                    <exclude>META-INF/*.SF</exclude>
                    <exclude>META-INF/*.DSA</exclude>
                    <exclude>META-INF/*.RSA</exclude>
                  </excludes>
                </filter>
              </filters>
            </configuration>
          </execution>
        </executions>
      </plugin>
    </plugins>
  </build>
  <dependencies>
    <dependency>
      <groupId>mysql</groupId>
      <artifactId>mysql-connector-java</artifactId>
      <version>8.0.31</version>
      <scope>compile</scope>
    </dependency>
  </dependencies>
</project>
