<?xml version="1.0" encoding="UTF-8"?>
<!DOCTYPE sqlMapConfig PUBLIC "-//iBATIS.com//DTD SQL Map Config 2.0//EN"
"http://www.ibatis.com/dtd/sql-map-config-2.dtd">
 
 <!--mysql config-->
 
<sqlMapConfig>
 
<properties resource="./resources/properties/db.properties" />
     
<settings
cacheModelsEnabled="true"
enhancementEnabled="true"
lazyLoadingEnabled="true"
maxRequests="32"
maxSessions="10"
maxTransactions="5"
useStatementNamespaces="false"
/>
 
<transactionManager type="JDBC" >
    <dataSource type="SIMPLE">
       <property name="JDBC.Driver" value="${Globals.DriverClassName}"/>
       <property name="JDBC.ConnectionURL" value="${Globals.Url}"/>
       <property name="JDBC.Username" value="${Globals.UserName}"/>
       <property name="JDBC.Password" value="${Globals.Password}"/>
		<property name="Pool.MaximumActiveConnections" value="10"/>
		<property name="Pool.MaximumIdleConnections" value="5"/>
		<property name="Pool.MaximumCheckoutTime" value="120000"/>
		<property name="Pool.TimeToWait" value="500"/>
		<property name="Pool.PingQuery" value="select 1 from dual"/>
		<property name="Pool.PingEnabled" value="false"/>
		<property name="Pool.PingConnectionsOlderThan" value="1"/>
		<property name="Pool.PingConnectionsNotUsedFor" value="1"/>
		</dataSource>
</transactionManager>
 
<sqlMap resource="./resources/sqlMap/sqlMap_mysql.xml" />
     
</sqlMapConfig>